time_h,mean_nd_sVM_MPa,std_nd_sVM_MPa,mean_fea_sVM_MPa,std_fea_sVM_MPa,mean_abs_error_sVM_MPa,max_abs_error_sVM_MPa,n_locations,nd_relaxation_ratio,fea_relaxation_ratio
0.0,97.10678109016413,21.70825117089755,91.85624728107494,18.866686917217088,18.084745579345054,49.36074383817571,12,1.0,1.0
1.0,108.46935977474963,29.50892366436883,94.0161475327219,23.886335177652292,23.8849946949331,71.51210077211132,12,1.1170111763259385,1.0235139178398807
10.0,103.34705392198269,26.60671671505144,95.0224924562345,26.23302898296346,27.55305725861322,75.82667971565368,12,1.064261967720096,1.0344695681445708
50.0,112.87825611287747,25.364186064242244,93.09227205156755,24.950343179358093,31.469937439977727,87.45569733996612,12,1.162413735123909,1.0134560773717485
200.0,97.74180094139784,27.80751156491621,87.75486248806857,22.098661663334074,22.793613427922576,84.27122773613934,12,1.0065393976002983,0.9553499635092171
800.0,95.95766761194398,21.326092726140008,81.82281185090842,20.299361990739275,20.76314380110644,69.33529175651174,12,0.9881664960436367,0.8907702445162519
