{
  "fit": {
    "A": 1.2241512363408758e-29,
    "n": 9.795462283308316,
    "cost": 0.02663812404604538,
    "success": true
  },
  "metrics": {
    "mae": 4.5710300761343206,
    "rmse": 6.051081010618657,
    "r2": 0.9911206253179848
  }
}